RingID,TreeID,FileName,Year,RingWidth,DateCreated
1,318,130228A,1963,0.072,25-Feb-03
2,318,130228A,1964,0.364,25-Feb-03
3,318,130228A,1965,0.45,25-Feb-03
4,318,130228A,1966,0.492,25-Feb-03
5,318,130228A,1967,0.31,25-Feb-03
6,318,130228A,1968,0.376,25-Feb-03
7,318,130228A,1969,0.342,25-Feb-03
8,318,130228A,1970,0.318,25-Feb-03
9,318,130228A,1971,0.206,25-Feb-03
10,318,130228A,1972,0.102,25-Feb-03
11,318,130228A,1973,0.174,25-Feb-03
12,318,130228A,1974,0.216,25-Feb-03
13,318,130228A,1975,0.234,25-Feb-03
14,318,130228A,1976,0.14,25-Feb-03
15,318,130228A,1977,0.146,25-Feb-03
16,318,130228A,1978,0.088,25-Feb-03
17,318,130228A,1979,0.062,25-Feb-03
18,318,130228A,1980,0.096,25-Feb-03
19,318,130228A,1981,0.108,25-Feb-03
20,318,130228A,1982,0.1,25-Feb-03
21,318,130228A,1983,0.07,25-Feb-03
22,318,130228A,1984,0.044,25-Feb-03
23,318,130228A,1985,0.044,25-Feb-03
24,318,130228A,1986,0.038,25-Feb-03
25,318,130228A,1987,0.072,25-Feb-03
26,318,130228A,1988,0.032,25-Feb-03
27,318,130228A,1989,0.058,25-Feb-03
28,318,130228A,1990,0.068,25-Feb-03
29,318,130228A,1991,0.072,25-Feb-03
30,318,130228A,1992,0.088,25-Feb-03
31,318,130228A,1993,0.046,25-Feb-03
32,318,130228A,1994,0.062,25-Feb-03
33,318,130228A,1995,0.07,25-Feb-03
34,318,130228A,1996,0.03,25-Feb-03
35,318,130228A,1997,0.024,25-Feb-03
36,318,130228A,1998,0.028,25-Feb-03
37,318,130228A,1999,0.018,25-Feb-03
38,318,130228A,2000,0.038,25-Feb-03
39,318,130228A,2001,0.022,25-Feb-03
40,318,130228A,2002,0.046,25-Feb-03
64,145,070434B,1979,0.062,27-Feb-03
65,145,070434B,1980,0.244,27-Feb-03
66,145,070434B,1981,0.348,27-Feb-03
67,145,070434B,1982,0.35,27-Feb-03
68,145,070434B,1983,0.284,27-Feb-03
69,145,070434B,1984,0.208,27-Feb-03
70,145,070434B,1985,0.368,27-Feb-03
71,145,070434B,1986,0.45,27-Feb-03
72,145,070434B,1987,0.546,27-Feb-03
73,145,070434B,1988,0.374,27-Feb-03
74,145,070434B,1989,0.32,27-Feb-03
75,145,070434B,1990,0.334,27-Feb-03
76,145,070434B,1991,0.334,27-Feb-03
77,145,070434B,1992,0.372,27-Feb-03
78,145,070434B,1993,0.322,27-Feb-03
79,145,070434B,1994,0.332,27-Feb-03
80,145,070434B,1995,0.082,27-Feb-03
81,145,070434B,1996,0.07,27-Feb-03
82,145,070434B,1997,0.058,27-Feb-03
83,145,070434B,1998,0.028,27-Feb-03
84,145,070434B,1999,0.028,27-Feb-03
85,145,070434B,2000,0.028,27-Feb-03
86,145,070434B,2001,0.03,27-Feb-03
87,145,070434B,2002,0.03,27-Feb-03
88,356,130415A,1939,0.316,27-Feb-03
89,356,130415A,1940,0.278,27-Feb-03
90,356,130415A,1941,0.334,27-Feb-03
91,356,130415A,1942,0.414,27-Feb-03
92,356,130415A,1943,0.372,27-Feb-03
93,356,130415A,1944,0.27,27-Feb-03
94,356,130415A,1945,0.334,27-Feb-03
95,356,130415A,1946,0.314,27-Feb-03
96,356,130415A,1947,0.316,27-Feb-03
97,356,130415A,1948,0.294,27-Feb-03
98,356,130415A,1949,0.384,27-Feb-03
99,356,130415A,1950,0.294,27-Feb-03
100,356,130415A,1951,0.258,27-Feb-03
101,356,130415A,1952,0.256,27-Feb-03
102,356,130415A,1953,0.264,27-Feb-03
103,356,130415A,1954,0.236,27-Feb-03
104,356,130415A,1955,0.278,27-Feb-03
105,356,130415A,1956,0.328,27-Feb-03
106,356,130415A,1957,0.374,27-Feb-03
107,356,130415A,1958,0.312,27-Feb-03
108,356,130415A,1959,0.252,27-Feb-03
109,356,130415A,1960,0.228,27-Feb-03
110,356,130415A,1961,0.314,27-Feb-03
111,356,130415A,1962,0.23,27-Feb-03
112,356,130415A,1963,0.258,27-Feb-03
113,356,130415A,1964,0.236,27-Feb-03
114,356,130415A,1965,0.208,27-Feb-03
115,356,130415A,1966,0.186,27-Feb-03
116,356,130415A,1967,0.318,27-Feb-03
117,356,130415A,1968,0.298,27-Feb-03
118,356,130415A,1969,0.28,27-Feb-03
119,356,130415A,1970,0.276,27-Feb-03
120,356,130415A,1971,0.29,27-Feb-03
121,356,130415A,1972,0.262,27-Feb-03
122,356,130415A,1973,0.278,27-Feb-03
123,356,130415A,1974,0.328,27-Feb-03
124,356,130415A,1975,0.35,27-Feb-03
125,356,130415A,1976,0.26,27-Feb-03
126,356,130415A,1977,0.266,27-Feb-03
127,356,130415A,1978,0.446,27-Feb-03
128,356,130415A,1979,0.268,27-Feb-03
129,356,130415A,1980,0.256,27-Feb-03
130,356,130415A,1981,0.212,27-Feb-03
131,356,130415A,1982,0.28,27-Feb-03
132,356,130415A,1983,0.208,27-Feb-03
133,356,130415A,1984,0.214,27-Feb-03
134,356,130415A,1985,0.222,27-Feb-03
135,356,130415A,1986,0.28,27-Feb-03
136,356,130415A,1987,0.208,27-Feb-03
137,356,130415A,1988,0.16,27-Feb-03
138,356,130415A,1989,0.182,27-Feb-03
139,356,130415A,1990,0.184,27-Feb-03
140,356,130415A,1991,0.14,27-Feb-03
141,356,130415A,1992,0.192,27-Feb-03
142,356,130415A,1993,0.166,27-Feb-03
143,356,130415A,1994,0.138,27-Feb-03
144,356,130415A,1995,0.152,27-Feb-03
145,356,130415A,1996,0.116,27-Feb-03
146,356,130415A,1997,0.16,27-Feb-03
147,356,130415A,1998,0.152,27-Feb-03
148,356,130415A,1999,0.106,27-Feb-03
149,356,130415A,2000,0.194,27-Feb-03
150,356,130415A,2001,0.148,27-Feb-03
151,356,130415A,2002,0.136,27-Feb-03
152,99,070330A,1980,0.354,26-Mar-03
153,99,070330A,1981,0.434,26-Mar-03
154,99,070330A,1982,0.39,26-Mar-03
155,99,070330A,1983,0.436,26-Mar-03
156,99,070330A,1984,0.368,26-Mar-03
157,99,070330A,1985,0.208,26-Mar-03
158,99,070330A,1986,0.288,26-Mar-03
159,99,070330A,1987,0.456,26-Mar-03
160,99,070330A,1988,0.258,26-Mar-03
161,99,070330A,1989,0.276,26-Mar-03
162,99,070330A,1990,0.276,26-Mar-03
163,99,070330A,1991,0.13,26-Mar-03
164,99,070330A,1992,0.148,26-Mar-03
165,99,070330A,1993,0.066,26-Mar-03
166,99,070330A,1994,0.052,26-Mar-03
167,99,070330A,1995,0.066,26-Mar-03
168,99,070330A,1996,0.038,26-Mar-03
169,99,070330A,1997,0.032,26-Mar-03
170,99,070330A,1998,0.036,26-Mar-03
171,99,070330A,1999,0.044,26-Mar-03
172,99,070330A,2000,0.046,26-Mar-03
173,99,070330A,2001,0.046,26-Mar-03
174,99,070330A,2002,0.05,26-Mar-03
175,277,130101A,1954,0.054,31-Mar-03
176,277,130101A,1955,0.056,31-Mar-03
177,277,130101A,1956,0.084,31-Mar-03
178,277,130101A,1957,0.08,31-Mar-03
179,277,130101A,1958,0.024,31-Mar-03
180,277,130101A,1959,0.032,31-Mar-03
181,277,130101A,1960,0.03,31-Mar-03
182,277,130101A,1961,0.044,31-Mar-03
183,277,130101A,1962,0.13,31-Mar-03
184,277,130101A,1963,0.218,31-Mar-03
185,277,130101A,1964,0.206,31-Mar-03
186,277,130101A,1965,0.236,31-Mar-03
187,277,130101A,1966,0.17,31-Mar-03
188,277,130101A,1967,0.232,31-Mar-03
189,277,130101A,1968,0.258,31-Mar-03
190,277,130101A,1969,0.326,31-Mar-03
191,277,130101A,1970,0.388,31-Mar-03
192,277,130101A,1971,0.168,31-Mar-03
193,277,130101A,1972,0.144,31-Mar-03
194,277,130101A,1973,0.144,31-Mar-03
195,277,130101A,1974,0.152,31-Mar-03
196,277,130101A,1975,0.282,31-Mar-03
197,277,130101A,1976,0.226,31-Mar-03
198,277,130101A,1977,0.228,31-Mar-03
199,277,130101A,1978,0.19,31-Mar-03
200,277,130101A,1979,0.196,31-Mar-03
201,277,130101A,1980,0.188,31-Mar-03
202,277,130101A,1981,0.216,31-Mar-03
203,277,130101A,1982,0.164,31-Mar-03
204,277,130101A,1983,0.126,31-Mar-03
205,277,130101A,1984,0.05,31-Mar-03
206,277,130101A,1985,0.086,31-Mar-03
207,277,130101A,1986,0.074,31-Mar-03
208,277,130101A,1987,0.102,31-Mar-03
209,277,130101A,1988,0.128,31-Mar-03
210,277,130101A,1989,0.132,31-Mar-03
211,277,130101A,1990,0.086,31-Mar-03
212,277,130101A,1991,0.05,31-Mar-03
213,277,130101A,1992,0.144,31-Mar-03
214,277,130101A,1993,0.084,31-Mar-03
215,277,130101A,1994,0.07,31-Mar-03
216,277,130101A,1995,0.068,31-Mar-03
217,277,130101A,1996,0.078,31-Mar-03
218,277,130101A,1997,0.05,31-Mar-03
219,277,130101A,1998,0.07,31-Mar-03
220,277,130101A,1999,0.07,31-Mar-03
221,277,130101A,2000,0.062,31-Mar-03
222,277,130101A,2001,0.066,31-Mar-03
223,277,130101A,2002,0.04,31-Mar-03
224,277,130101B,1949,0.024,31-Mar-03
225,277,130101B,1950,0.046,31-Mar-03
226,277,130101B,1951,0.038,31-Mar-03
227,277,130101B,1952,0.086,31-Mar-03
228,277,130101B,1953,0.084,31-Mar-03
229,277,130101B,1954,0.124,31-Mar-03
230,277,130101B,1955,0.066,31-Mar-03
231,277,130101B,1956,0.056,31-Mar-03
232,277,130101B,1957,0.052,31-Mar-03
233,277,130101B,1958,0.072,31-Mar-03
234,277,130101B,1959,0.066,31-Mar-03
235,277,130101B,1960,0.07,31-Mar-03
236,277,130101B,1961,0.078,31-Mar-03
237,277,130101B,1962,0.072,31-Mar-03
238,277,130101B,1963,0.042,31-Mar-03
239,277,130101B,1964,0.078,31-Mar-03
240,277,130101B,1965,0.072,31-Mar-03
241,277,130101B,1966,0.138,31-Mar-03
242,277,130101B,1967,0.188,31-Mar-03
243,277,130101B,1968,0.23,31-Mar-03
244,277,130101B,1969,0.246,31-Mar-03
245,277,130101B,1970,0.27,31-Mar-03
246,277,130101B,1971,0.208,31-Mar-03
247,277,130101B,1972,0.216,31-Mar-03
248,277,130101B,1973,0.162,31-Mar-03
249,277,130101B,1974,0.136,31-Mar-03
250,277,130101B,1975,0.376,31-Mar-03
251,277,130101B,1976,0.258,31-Mar-03
252,277,130101B,1977,0.19,31-Mar-03
253,277,130101B,1978,0.142,31-Mar-03
254,277,130101B,1979,0.148,31-Mar-03
255,277,130101B,1980,0.164,31-Mar-03
256,277,130101B,1981,0.184,31-Mar-03
257,277,130101B,1982,0.112,31-Mar-03
258,277,130101B,1983,0.176,31-Mar-03
259,277,130101B,1984,0.164,31-Mar-03
260,277,130101B,1985,0.124,31-Mar-03
261,277,130101B,1986,0.052,31-Mar-03
262,277,130101B,1987,0.11,31-Mar-03
263,277,130101B,1988,0.212,31-Mar-03
264,277,130101B,1989,0.11,31-Mar-03
265,277,130101B,1990,0.116,31-Mar-03
266,277,130101B,1991,0.072,31-Mar-03
267,277,130101B,1992,0.114,31-Mar-03
268,277,130101B,1993,0.082,31-Mar-03
269,277,130101B,1994,0.06,31-Mar-03
270,277,130101B,1995,0.054,31-Mar-03
271,277,130101B,1996,0.042,31-Mar-03
272,277,130101B,1997,0.04,31-Mar-03
273,277,130101B,1998,0.034,31-Mar-03
274,277,130101B,1999,0.068,31-Mar-03
275,277,130101B,2000,0.036,31-Mar-03
276,277,130101B,2001,0.048,31-Mar-03
277,277,130101B,2002,0.096,31-Mar-03
278,278,130102A,1909,0.136,31-Mar-03
279,278,130102A,1910,0.178,31-Mar-03
280,278,130102A,1911,0.298,31-Mar-03
281,278,130102A,1912,0.224,31-Mar-03
282,278,130102A,1913,0.196,31-Mar-03
283,278,130102A,1914,0.264,31-Mar-03
284,278,130102A,1915,0.234,31-Mar-03
285,278,130102A,1916,0.292,31-Mar-03
286,278,130102A,1917,0.258,31-Mar-03
287,278,130102A,1918,0.276,31-Mar-03
288,278,130102A,1919,0.368,31-Mar-03
289,278,130102A,1920,0.236,31-Mar-03
290,278,130102A,1921,0.314,31-Mar-03
291,278,130102A,1922,0.288,31-Mar-03
292,278,130102A,1923,0.392,31-Mar-03
293,278,130102A,1924,0.43,31-Mar-03
294,278,130102A,1925,0.286,31-Mar-03
295,278,130102A,1926,0.264,31-Mar-03
296,278,130102A,1927,0.184,31-Mar-03
297,278,130102A,1928,0.164,31-Mar-03
298,278,130102A,1929,0.142,31-Mar-03
299,278,130102A,1930,0.146,31-Mar-03
300,278,130102A,1931,0.162,31-Mar-03
301,278,130102A,1932,0.274,31-Mar-03
302,278,130102A,1933,0.22,31-Mar-03
303,278,130102A,1934,0.17,31-Mar-03
304,278,130102A,1935,0.286,31-Mar-03
305,278,130102A,1936,0.292,31-Mar-03
306,278,130102A,1937,0.336,31-Mar-03
307,278,130102A,1938,0.17,31-Mar-03
308,278,130102A,1939,0.244,31-Mar-03
309,278,130102A,1940,0.386,31-Mar-03
310,278,130102A,1941,0.214,31-Mar-03
311,278,130102A,1942,0.23,31-Mar-03
312,278,130102A,1943,0.248,31-Mar-03
313,278,130102A,1944,0.198,31-Mar-03
314,278,130102A,1945,0.134,31-Mar-03
315,278,130102A,1946,0.086,31-Mar-03
316,278,130102A,1947,0.076,31-Mar-03
317,278,130102A,1948,0.136,31-Mar-03
318,278,130102A,1949,0.148,31-Mar-03
319,278,130102A,1950,0.106,31-Mar-03
320,278,130102A,1951,0.08,31-Mar-03
321,278,130102A,1952,0.062,31-Mar-03
322,278,130102A,1953,0.052,31-Mar-03
323,278,130102A,1954,0.078,31-Mar-03
324,278,130102A,1955,0.08,31-Mar-03
325,278,130102A,1956,0.056,31-Mar-03
326,278,130102A,1957,0.076,31-Mar-03
327,278,130102A,1958,0.036,31-Mar-03
328,278,130102A,1959,0.036,31-Mar-03
329,278,130102A,1960,0.056,31-Mar-03
330,278,130102A,1961,0.038,31-Mar-03
331,278,130102A,1962,0.032,31-Mar-03
332,278,130102A,1963,0.37,31-Mar-03
333,278,130102A,1964,0.522,31-Mar-03
334,278,130102A,1965,0.484,31-Mar-03
335,278,130102A,1966,0.418,31-Mar-03
336,278,130102A,1967,0.316,31-Mar-03
337,278,130102A,1968,0.414,31-Mar-03
338,278,130102A,1969,0.488,31-Mar-03
339,278,130102A,1970,0.38,31-Mar-03
340,278,130102A,1971,0.372,31-Mar-03
341,278,130102A,1972,0.508,31-Mar-03
342,278,130102A,1973,0.4,31-Mar-03
343,278,130102A,1974,0.4,31-Mar-03
344,278,130102A,1975,0.432,31-Mar-03
345,278,130102A,1976,0.332,31-Mar-03
346,278,130102A,1977,0.374,31-Mar-03
347,278,130102A,1978,0.356,31-Mar-03
348,278,130102A,1979,0.354,31-Mar-03
349,278,130102A,1980,0.37,31-Mar-03
350,278,130102A,1981,0.328,31-Mar-03
351,278,130102A,1982,0.506,31-Mar-03
352,278,130102A,1983,0.43,31-Mar-03
353,278,130102A,1984,0.41,31-Mar-03
354,278,130102A,1985,0.428,31-Mar-03
355,278,130102A,1986,0.368,31-Mar-03
356,278,130102A,1987,0.432,31-Mar-03
357,278,130102A,1988,0.26,31-Mar-03
358,278,130102A,1989,0.196,31-Mar-03
359,278,130102A,1990,0.132,31-Mar-03
360,278,130102A,1991,0.078,31-Mar-03
361,278,130102A,1992,0.1,31-Mar-03
362,278,130102A,1993,0.2,31-Mar-03
363,278,130102A,1994,0.122,31-Mar-03
364,278,130102A,1995,0.17,31-Mar-03
365,278,130102A,1996,0.17,31-Mar-03
366,278,130102A,1997,0.154,31-Mar-03
367,278,130102A,1998,0.164,31-Mar-03
368,278,130102A,1999,0.072,31-Mar-03
369,278,130102A,2000,0.038,31-Mar-03
370,278,130102A,2001,0.072,31-Mar-03
371,278,130102A,2002,0.046,31-Mar-03
372,278,130102B,1897,0.022,31-Mar-03
373,278,130102B,1898,0.122,31-Mar-03
374,278,130102B,1899,0.032,31-Mar-03
375,278,130102B,1900,0.038,31-Mar-03
376,278,130102B,1901,0.03,31-Mar-03
377,278,130102B,1902,0.034,31-Mar-03
378,278,130102B,1903,0.05,31-Mar-03
379,278,130102B,1904,0.112,31-Mar-03
380,278,130102B,1905,0.112,31-Mar-03
381,278,130102B,1906,0.082,31-Mar-03
382,278,130102B,1907,0.13,31-Mar-03
383,278,130102B,1908,0.12,31-Mar-03
384,278,130102B,1909,0.142,31-Mar-03
385,278,130102B,1910,0.106,31-Mar-03
386,278,130102B,1911,0.14,31-Mar-03
387,278,130102B,1912,0.254,31-Mar-03
388,278,130102B,1913,0.128,31-Mar-03
389,278,130102B,1914,0.088,31-Mar-03
390,278,130102B,1915,0.094,31-Mar-03
391,278,130102B,1916,0.058,31-Mar-03
392,278,130102B,1917,0.142,31-Mar-03
393,278,130102B,1918,0.148,31-Mar-03
394,278,130102B,1919,0.132,31-Mar-03
395,278,130102B,1920,0.148,31-Mar-03
396,278,130102B,1921,0.158,31-Mar-03
397,278,130102B,1922,0.196,31-Mar-03
398,278,130102B,1923,0.23,31-Mar-03
399,278,130102B,1924,0.226,31-Mar-03
400,278,130102B,1925,0.236,31-Mar-03
401,278,130102B,1926,0.256,31-Mar-03
402,278,130102B,1927,0.29,31-Mar-03
403,278,130102B,1928,0.336,31-Mar-03
404,278,130102B,1929,0.282,31-Mar-03
405,278,130102B,1930,0.16,31-Mar-03
406,278,130102B,1931,0.176,31-Mar-03
407,278,130102B,1932,0.17,31-Mar-03
408,278,130102B,1933,0.098,31-Mar-03
409,278,130102B,1934,0.146,31-Mar-03
410,278,130102B,1935,0.236,31-Mar-03
411,278,130102B,1936,0.258,31-Mar-03
412,278,130102B,1937,0.136,31-Mar-03
413,278,130102B,1938,0.176,31-Mar-03
414,278,130102B,1939,0.142,31-Mar-03
415,278,130102B,1940,0.08,31-Mar-03
416,278,130102B,1941,0.158,31-Mar-03
417,278,130102B,1942,0.082,31-Mar-03
418,278,130102B,1943,0.096,31-Mar-03
419,278,130102B,1944,0.144,31-Mar-03
420,278,130102B,1945,0.082,31-Mar-03
421,278,130102B,1946,0.088,31-Mar-03
422,278,130102B,1947,0.076,31-Mar-03
423,278,130102B,1948,0.064,31-Mar-03
424,278,130102B,1949,0.082,31-Mar-03
425,278,130102B,1950,0.06,31-Mar-03
426,278,130102B,1951,0.07,31-Mar-03
427,278,130102B,1952,0.05,31-Mar-03
428,278,130102B,1953,0.102,31-Mar-03
429,278,130102B,1954,0.064,31-Mar-03
430,278,130102B,1955,0.062,31-Mar-03
431,278,130102B,1956,0.042,31-Mar-03
432,278,130102B,1957,0.056,31-Mar-03
433,278,130102B,1958,0.046,31-Mar-03
434,278,130102B,1959,0.068,31-Mar-03
435,278,130102B,1960,0.29,31-Mar-03
436,278,130102B,1961,0.586,31-Mar-03
437,278,130102B,1962,0.558,31-Mar-03
438,278,130102B,1963,0.43,31-Mar-03
439,278,130102B,1964,0.41,31-Mar-03
440,278,130102B,1965,0.298,31-Mar-03
441,278,130102B,1966,0.322,31-Mar-03
442,278,130102B,1967,0.378,31-Mar-03
443,278,130102B,1968,0.236,31-Mar-03
444,278,130102B,1969,0.404,31-Mar-03
445,278,130102B,1970,0.414,31-Mar-03
446,278,130102B,1971,0.336,31-Mar-03
447,278,130102B,1972,0.43,31-Mar-03
448,278,130102B,1973,0.484,31-Mar-03
449,278,130102B,1974,0.314,31-Mar-03
450,278,130102B,1975,0.368,31-Mar-03
451,278,130102B,1976,0.424,31-Mar-03
452,278,130102B,1977,0.472,31-Mar-03
453,278,130102B,1978,0.364,31-Mar-03
454,278,130102B,1979,0.272,31-Mar-03
455,278,130102B,1980,0.328,31-Mar-03
456,278,130102B,1981,0.304,31-Mar-03
457,278,130102B,1982,0.396,31-Mar-03
458,278,130102B,1983,0.05,31-Mar-03
459,278,130102B,1984,0.432,31-Mar-03
460,278,130102B,1985,0.22,31-Mar-03
461,278,130102B,1986,0.224,31-Mar-03
462,278,130102B,1987,0.23,31-Mar-03
463,278,130102B,1988,0.18,31-Mar-03
464,278,130102B,1989,0.072,31-Mar-03
465,278,130102B,1990,0.044,31-Mar-03
466,278,130102B,1991,0.092,31-Mar-03
467,278,130102B,1992,0.074,31-Mar-03
468,278,130102B,1993,0.114,31-Mar-03
469,278,130102B,1994,0.08,31-Mar-03
470,278,130102B,1995,0.102,31-Mar-03
471,278,130102B,1996,0.086,31-Mar-03
472,278,130102B,1997,0.108,31-Mar-03
473,278,130102B,1998,0.092,31-Mar-03
474,278,130102B,1999,0.066,31-Mar-03
475,278,130102B,2000,0.024,31-Mar-03
476,278,130102B,2001,0.044,31-Mar-03
477,278,130102B,2002,0.044,31-Mar-03
478,279,130103A,1930,0.052,31-Mar-03
479,279,130103A,1931,0.072,31-Mar-03
480,279,130103A,1932,0.058,31-Mar-03
481,279,130103A,1933,0.074,31-Mar-03
482,279,130103A,1934,0.03,31-Mar-03
483,279,130103A,1935,0.038,31-Mar-03
484,279,130103A,1936,0.054,31-Mar-03
485,279,130103A,1937,0.028,31-Mar-03
486,279,130103A,1938,0.03,31-Mar-03
487,279,130103A,1939,0.014,31-Mar-03
488,279,130103A,1940,0.018,31-Mar-03
489,279,130103A,1941,0.026,31-Mar-03
490,279,130103A,1942,0.014,31-Mar-03
491,279,130103A,1943,0.016,31-Mar-03
492,279,130103A,1944,0.014,31-Mar-03
493,279,130103A,1945,0.024,31-Mar-03
494,279,130103A,1946,0.024,31-Mar-03
495,279,130103A,1947,0.02,31-Mar-03
496,279,130103A,1948,0.014,31-Mar-03
497,279,130103A,1949,0.014,31-Mar-03
498,279,130103A,1950,0.036,31-Mar-03
499,279,130103A,1951,0.016,31-Mar-03
500,279,130103A,1952,0.018,31-Mar-03
501,279,130103A,1953,0.022,31-Mar-03
502,279,130103A,1954,0.018,31-Mar-03
503,279,130103A,1955,0.024,31-Mar-03
504,279,130103A,1956,0.038,31-Mar-03
505,279,130103A,1957,0.064,31-Mar-03
506,279,130103A,1958,0.116,31-Mar-03
507,279,130103A,1959,0.178,31-Mar-03
508,279,130103A,1960,0.256,31-Mar-03
509,279,130103A,1961,0.344,31-Mar-03
510,279,130103A,1962,0.302,31-Mar-03
511,279,130103A,1963,0.252,31-Mar-03
512,279,130103A,1964,0.262,31-Mar-03
513,279,130103A,1965,0.242,31-Mar-03
514,279,130103A,1966,0.204,31-Mar-03
515,279,130103A,1967,0.204,31-Mar-03
516,279,130103A,1968,0.16,31-Mar-03
517,279,130103A,1969,0.248,31-Mar-03
518,279,130103A,1970,0.132,31-Mar-03
519,279,130103A,1971,0.132,31-Mar-03
520,279,130103A,1972,0.1,31-Mar-03
521,279,130103A,1973,0.122,31-Mar-03
522,279,130103A,1974,0.106,31-Mar-03
523,279,130103A,1975,0.168,31-Mar-03
524,279,130103A,1976,0.182,31-Mar-03
525,279,130103A,1977,0.156,31-Mar-03
526,279,130103A,1978,0.252,31-Mar-03
527,279,130103A,1979,0.14,31-Mar-03
528,279,130103A,1980,0.228,31-Mar-03
529,279,130103A,1981,0.29,31-Mar-03
530,279,130103A,1982,0.188,31-Mar-03
531,279,130103A,1983,0.088,31-Mar-03
532,279,130103A,1984,0.116,31-Mar-03
533,279,130103A,1985,0.074,31-Mar-03
534,279,130103A,1986,0.064,31-Mar-03
535,279,130103A,1987,0.056,31-Mar-03
536,279,130103A,1988,0.046,31-Mar-03
537,279,130103A,1989,0.086,31-Mar-03
538,279,130103A,1990,0.032,31-Mar-03
539,279,130103A,1991,0.066,31-Mar-03
540,279,130103A,1992,0.036,31-Mar-03
541,279,130103A,1993,0.036,31-Mar-03
542,279,130103A,1994,0.042,31-Mar-03
543,279,130103A,1995,0.04,31-Mar-03
544,279,130103A,1996,0.048,31-Mar-03
545,279,130103A,1997,0.03,31-Mar-03
546,279,130103A,1998,0.054,31-Mar-03
547,279,130103A,1999,0.054,31-Mar-03
548,279,130103A,2000,0.136,31-Mar-03
549,279,130103A,2001,0.186,31-Mar-03
550,279,130103A,2002,0.092,31-Mar-03
551,279,130103B,1938,0.03,31-Mar-03
552,279,130103B,1939,0.04,31-Mar-03
553,279,130103B,1940,0.04,31-Mar-03
554,279,130103B,1941,0.028,31-Mar-03
555,279,130103B,1942,0.03,31-Mar-03
556,279,130103B,1943,0.032,31-Mar-03
557,279,130103B,1944,0.024,31-Mar-03
558,279,130103B,1945,0.03,31-Mar-03
559,279,130103B,1946,0.034,31-Mar-03
560,279,130103B,1947,0.042,31-Mar-03
561,279,130103B,1948,0.04,31-Mar-03
562,279,130103B,1949,0.038,31-Mar-03
563,279,130103B,1950,0.018,31-Mar-03
564,279,130103B,1951,0.014,31-Mar-03
565,279,130103B,1952,0.012,31-Mar-03
566,279,130103B,1953,0.012,31-Mar-03
567,279,130103B,1954,0.024,31-Mar-03
568,279,130103B,1955,0.038,31-Mar-03
569,279,130103B,1956,0.036,31-Mar-03
570,279,130103B,1957,0.034,31-Mar-03
571,279,130103B,1958,0.034,31-Mar-03
572,279,130103B,1959,0.032,31-Mar-03
573,279,130103B,1960,0.026,31-Mar-03
574,279,130103B,1961,0.066,31-Mar-03
575,279,130103B,1962,0.096,31-Mar-03
576,279,130103B,1963,0.066,31-Mar-03
577,279,130103B,1964,0.288,31-Mar-03
578,279,130103B,1965,0.31,31-Mar-03
579,279,130103B,1966,0.356,31-Mar-03
580,279,130103B,1967,0.298,31-Mar-03
581,279,130103B,1969,0.298,31-Mar-03
582,279,130103B,1970,0.722,31-Mar-03
583,279,130103B,1971,0.246,31-Mar-03
584,279,130103B,1972,0.136,31-Mar-03
585,279,130103B,1973,0.164,31-Mar-03
586,279,130103B,1974,0.1,31-Mar-03
587,279,130103B,1975,0.112,31-Mar-03
588,279,130103B,1976,0.08,31-Mar-03
589,279,130103B,1977,0.106,31-Mar-03
590,279,130103B,1978,0.192,31-Mar-03
591,279,130103B,1979,0.094,31-Mar-03
592,279,130103B,1980,0.284,31-Mar-03
593,279,130103B,1981,0.218,31-Mar-03
594,279,130103B,1982,0.132,31-Mar-03
595,279,130103B,1983,0.11,31-Mar-03
596,279,130103B,1984,0.096,31-Mar-03
597,279,130103B,1985,0.06,31-Mar-03
598,279,130103B,1986,0.06,31-Mar-03
599,279,130103B,1987,0.06,31-Mar-03
600,279,130103B,1988,0.04,31-Mar-03
601,279,130103B,1989,0.088,31-Mar-03
602,279,130103B,1990,0.05,31-Mar-03
603,279,130103B,1991,0.05,31-Mar-03
604,279,130103B,1992,0.112,31-Mar-03
605,279,130103B,1993,0.084,31-Mar-03
606,279,130103B,1994,0.106,31-Mar-03
607,279,130103B,1995,0.126,31-Mar-03
608,279,130103B,1996,0.116,31-Mar-03
609,279,130103B,1997,0.092,31-Mar-03
610,279,130103B,1998,0.05,31-Mar-03
611,279,130103B,1999,0.05,31-Mar-03
612,279,130103B,2000,0.174,31-Mar-03
613,279,130103B,2001,0.116,31-Mar-03
614,279,130103B,2002,0.066,31-Mar-03
615,280,130104A,1952,0.038,31-Mar-03
616,280,130104A,1953,0.07,31-Mar-03
617,280,130104A,1954,0.04,31-Mar-03
618,280,130104A,1955,0.056,31-Mar-03
619,280,130104A,1956,0.076,31-Mar-03
620,280,130104A,1957,0.074,31-Mar-03
621,280,130104A,1958,0.072,31-Mar-03
622,280,130104A,1959,0.042,31-Mar-03
623,280,130104A,1960,0.076,31-Mar-03
624,280,130104A,1961,0.188,31-Mar-03
625,280,130104A,1962,0.224,31-Mar-03
626,280,130104A,1963,0.134,31-Mar-03
627,280,130104A,1964,0.158,31-Mar-03
628,280,130104A,1965,0.122,31-Mar-03
629,280,130104A,1966,0.074,31-Mar-03
630,280,130104A,1967,0.126,31-Mar-03
631,280,130104A,1968,0.104,31-Mar-03
632,280,130104A,1969,0.072,31-Mar-03
633,280,130104A,1970,0.082,31-Mar-03
634,280,130104A,1971,0.086,31-Mar-03
635,280,130104A,1972,0.078,31-Mar-03
636,280,130104A,1973,0.116,31-Mar-03
637,280,130104A,1974,0.216,31-Mar-03
638,280,130104A,1975,0.214,31-Mar-03
639,280,130104A,1976,0.164,31-Mar-03
640,280,130104A,1977,0.212,31-Mar-03
641,280,130104A,1978,0.186,31-Mar-03
642,280,130104A,1979,0.214,31-Mar-03
643,280,130104A,1980,0.318,31-Mar-03
644,280,130104A,1981,0.106,31-Mar-03
645,280,130104A,1982,0.05,31-Mar-03
646,280,130104A,1983,0.15,31-Mar-03
647,280,130104A,1984,0.158,31-Mar-03
648,280,130104A,1985,0.178,31-Mar-03
649,280,130104A,1986,0.22,31-Mar-03
650,280,130104A,1987,0.174,31-Mar-03
651,280,130104A,1988,0.17,31-Mar-03
652,280,130104A,1989,0.148,31-Mar-03
653,280,130104A,1990,0.106,31-Mar-03
654,280,130104A,1991,0.15,31-Mar-03
655,280,130104A,1992,0.108,31-Mar-03
656,280,130104A,1993,0.148,31-Mar-03
657,280,130104A,1994,0.112,31-Mar-03
658,280,130104A,1995,0.094,31-Mar-03
659,280,130104A,1996,0.054,31-Mar-03
660,280,130104A,1997,0.12,31-Mar-03
661,280,130104A,1998,0.108,31-Mar-03
662,280,130104A,1999,0.056,31-Mar-03
663,280,130104A,2000,0.106,31-Mar-03
664,280,130104A,2001,0.19,31-Mar-03
665,280,130104A,2002,0.238,31-Mar-03
666,280,130104B,1961,0.322,31-Mar-03
667,280,130104B,1962,0.18,31-Mar-03
668,280,130104B,1963,0.18,31-Mar-03
669,280,130104B,1964,0.122,31-Mar-03
670,280,130104B,1965,0.118,31-Mar-03
671,280,130104B,1966,0.082,31-Mar-03
672,280,130104B,1967,0.114,31-Mar-03
673,280,130104B,1968,0.188,31-Mar-03
674,280,130104B,1969,0.122,31-Mar-03
675,280,130104B,1970,0.148,31-Mar-03
676,280,130104B,1971,0.214,31-Mar-03
677,280,130104B,1972,0.15,31-Mar-03
678,280,130104B,1973,0.136,31-Mar-03
679,280,130104B,1974,0.094,31-Mar-03
680,280,130104B,1975,0.234,31-Mar-03
681,280,130104B,1976,0.19,31-Mar-03
682,280,130104B,1977,0.228,31-Mar-03
683,280,130104B,1978,0.16,31-Mar-03
684,280,130104B,1979,0.32,31-Mar-03
685,280,130104B,1980,0.348,31-Mar-03
686,280,130104B,1981,0.09,31-Mar-03
687,280,130104B,1982,0.094,31-Mar-03
688,280,130104B,1983,0.278,31-Mar-03
689,280,130104B,1984,0.228,31-Mar-03
690,280,130104B,1985,0.188,31-Mar-03
691,280,130104B,1986,0.202,31-Mar-03
692,280,130104B,1987,0.246,31-Mar-03
693,280,130104B,1988,0.114,31-Mar-03
694,280,130104B,1989,0.154,31-Mar-03
695,280,130104B,1990,0.116,31-Mar-03
696,280,130104B,1991,0.204,31-Mar-03
697,280,130104B,1992,0.234,31-Mar-03
698,280,130104B,1993,0.152,31-Mar-03
699,280,130104B,1994,0.068,31-Mar-03
700,280,130104B,1995,0.098,31-Mar-03
701,280,130104B,1996,0.092,31-Mar-03
702,280,130104B,1997,0.128,31-Mar-03
703,280,130104B,1998,0.122,31-Mar-03
704,280,130104B,1999,0.134,31-Mar-03
705,280,130104B,2000,0.12,31-Mar-03
706,280,130104B,2001,0.144,31-Mar-03
707,280,130104B,2002,0.056,31-Mar-03
708,281,130105A,1951,0.038,31-Mar-03
709,281,130105A,1952,0.072,31-Mar-03
710,281,130105A,1953,0.05,31-Mar-03
711,281,130105A,1954,0.084,31-Mar-03
712,281,130105A,1955,0.064,31-Mar-03
713,281,130105A,1956,0.122,31-Mar-03
714,281,130105A,1957,0.108,31-Mar-03
715,281,130105A,1958,0.252,31-Mar-03
716,281,130105A,1959,0.372,31-Mar-03
717,281,130105A,1960,0.368,31-Mar-03
718,281,130105A,1961,0.41,31-Mar-03
719,281,130105A,1962,0.35,31-Mar-03
720,281,130105A,1963,0.256,31-Mar-03
721,281,130105A,1964,0.272,31-Mar-03
722,281,130105A,1965,0.298,31-Mar-03
723,281,130105A,1966,0.32,31-Mar-03
724,281,130105A,1967,0.266,31-Mar-03
725,281,130105A,1968,0.318,31-Mar-03
726,281,130105A,1969,0.246,31-Mar-03
727,281,130105A,1970,0.134,31-Mar-03
728,281,130105A,1971,0.164,31-Mar-03
729,281,130105A,1972,0.222,31-Mar-03
730,281,130105A,1973,0.242,31-Mar-03
731,281,130105A,1974,0.214,31-Mar-03
732,281,130105A,1975,0.144,31-Mar-03
733,281,130105A,1976,0.172,31-Mar-03
734,281,130105A,1977,0.166,31-Mar-03
735,281,130105A,1978,0.106,31-Mar-03
736,281,130105A,1979,0.254,31-Mar-03
737,281,130105A,1980,0.262,31-Mar-03
738,281,130105A,1981,0.216,31-Mar-03
739,281,130105A,1982,0.22,31-Mar-03
740,281,130105A,1983,0.13,31-Mar-03
741,281,130105A,1984,0.158,31-Mar-03
742,281,130105A,1985,0.148,31-Mar-03
743,281,130105A,1986,0.106,31-Mar-03
744,281,130105A,1987,0.224,31-Mar-03
745,281,130105A,1988,0.144,31-Mar-03
746,281,130105A,1989,0.188,31-Mar-03
747,281,130105A,1990,0.22,31-Mar-03
748,281,130105A,1991,0.126,31-Mar-03
749,281,130105A,1992,0.188,31-Mar-03
750,281,130105A,1993,0.104,31-Mar-03
751,281,130105A,1994,0.056,31-Mar-03
752,281,130105A,1995,0.106,31-Mar-03
753,281,130105A,1996,0.054,31-Mar-03
754,281,130105A,1997,0.046,31-Mar-03
755,281,130105A,1998,0.048,31-Mar-03
756,281,130105A,1999,0.088,31-Mar-03
757,281,130105A,2000,0.112,31-Mar-03
758,281,130105A,2001,0.212,31-Mar-03
759,281,130105A,2002,0.134,31-Mar-03
760,281,130105B,1940,0.062,31-Mar-03
761,281,130105B,1941,0.066,31-Mar-03
762,281,130105B,1942,0.034,31-Mar-03
763,281,130105B,1943,0.024,31-Mar-03
764,281,130105B,1944,0.018,31-Mar-03
765,281,130105B,1945,0.036,31-Mar-03
766,281,130105B,1946,0.016,31-Mar-03
767,281,130105B,1947,0.038,31-Mar-03
768,281,130105B,1948,0.058,31-Mar-03
769,281,130105B,1949,0.06,31-Mar-03
770,281,130105B,1950,0.04,31-Mar-03
771,281,130105B,1951,0.038,31-Mar-03
772,281,130105B,1952,0.048,31-Mar-03
773,281,130105B,1953,0.078,31-Mar-03
774,281,130105B,1954,0.108,31-Mar-03
775,281,130105B,1955,0.058,31-Mar-03
776,281,130105B,1956,0.06,31-Mar-03
777,281,130105B,1957,0.058,31-Mar-03
778,281,130105B,1958,0.092,31-Mar-03
779,281,130105B,1959,0.31,31-Mar-03
780,281,130105B,1960,0.388,31-Mar-03
781,281,130105B,1961,0.286,31-Mar-03
782,281,130105B,1962,0.27,31-Mar-03
783,281,130105B,1963,0.308,31-Mar-03
784,281,130105B,1964,0.24,31-Mar-03
785,281,130105B,1965,0.242,31-Mar-03
786,281,130105B,1966,0.318,31-Mar-03
787,281,130105B,1967,0.278,31-Mar-03
788,281,130105B,1968,0.304,31-Mar-03
789,281,130105B,1969,0.4,31-Mar-03
790,281,130105B,1970,0.304,31-Mar-03
791,281,130105B,1971,0.194,31-Mar-03
792,281,130105B,1972,0.198,31-Mar-03
793,281,130105B,1973,0.268,31-Mar-03
794,281,130105B,1974,0.28,31-Mar-03
795,281,130105B,1975,0.218,31-Mar-03
796,281,130105B,1976,0.13,31-Mar-03
797,281,130105B,1977,0.192,31-Mar-03
798,281,130105B,1978,0.114,31-Mar-03
799,281,130105B,1979,0.096,31-Mar-03
800,281,130105B,1980,0.184,31-Mar-03
801,281,130105B,1981,0.198,31-Mar-03
802,281,130105B,1982,0.138,31-Mar-03
803,281,130105B,1983,0.15,31-Mar-03
804,281,130105B,1984,0.1,31-Mar-03
805,281,130105B,1985,0.124,31-Mar-03
806,281,130105B,1986,0.098,31-Mar-03
807,281,130105B,1987,0.072,31-Mar-03
808,281,130105B,1988,0.062,31-Mar-03
809,281,130105B,1989,0.084,31-Mar-03
810,281,130105B,1990,0.092,31-Mar-03
811,281,130105B,1991,0.132,31-Mar-03
812,281,130105B,1992,0.21,31-Mar-03
813,281,130105B,1993,0.108,31-Mar-03
814,281,130105B,1994,0.14,31-Mar-03
815,281,130105B,1995,0.118,31-Mar-03
816,281,130105B,1996,0.152,31-Mar-03
817,281,130105B,1997,0.064,31-Mar-03
818,281,130105B,1998,0.106,31-Mar-03
819,281,130105B,1999,0.078,31-Mar-03
820,281,130105B,2000,0.138,31-Mar-03
821,281,130105B,2001,0.178,31-Mar-03
822,281,130105B,2002,0.088,31-Mar-03
823,282,130106A,1968,0.286,31-Mar-03
824,282,130106A,1969,0.324,31-Mar-03
825,282,130106A,1970,0.396,31-Mar-03
826,282,130106A,1971,0.414,31-Mar-03
827,282,130106A,1972,0.356,31-Mar-03
828,282,130106A,1973,0.272,31-Mar-03
829,282,130106A,1974,0.146,31-Mar-03
830,282,130106A,1975,0.098,31-Mar-03
831,282,130106A,1976,0.33,31-Mar-03
832,282,130106A,1977,0.418,31-Mar-03
833,282,130106A,1978,0.248,31-Mar-03
834,282,130106A,1979,0.24,31-Mar-03
835,282,130106A,1980,0.158,31-Mar-03
836,282,130106A,1981,0.174,31-Mar-03
837,282,130106A,1982,0.19,31-Mar-03
838,282,130106A,1983,0.156,31-Mar-03
839,282,130106A,1984,0.088,31-Mar-03
840,282,130106A,1985,0.062,31-Mar-03
841,282,130106A,1986,0.044,31-Mar-03
842,282,130106A,1987,0.052,31-Mar-03
843,282,130106A,1988,0.228,31-Mar-03
844,282,130106A,1989,0.142,31-Mar-03
845,282,130106A,1990,0.196,31-Mar-03
846,282,130106A,1991,0.102,31-Mar-03
847,282,130106A,1992,0.144,31-Mar-03
848,282,130106A,1993,0.098,31-Mar-03
849,282,130106A,1994,0.07,31-Mar-03
850,282,130106A,1995,0.128,31-Mar-03
851,282,130106A,1996,0.1,31-Mar-03
852,282,130106A,1997,0.056,31-Mar-03
853,282,130106A,1998,0.092,31-Mar-03
854,282,130106A,1999,0.036,31-Mar-03
855,282,130106A,2000,0.042,31-Mar-03
856,282,130106A,2001,0.112,31-Mar-03
857,282,130106A,2002,0.07,31-Mar-03
858,282,130106B,1960,0.018,31-Mar-03
859,282,130106B,1961,0.056,31-Mar-03
860,282,130106B,1962,0.064,31-Mar-03
861,282,130106B,1963,0.032,31-Mar-03
862,282,130106B,1964,0.03,31-Mar-03
863,282,130106B,1965,0.064,31-Mar-03
864,282,130106B,1966,0.06,31-Mar-03
865,282,130106B,1967,0.068,31-Mar-03
866,282,130106B,1968,0.156,31-Mar-03
867,282,130106B,1969,0.266,31-Mar-03
868,282,130106B,1970,0.184,31-Mar-03
869,282,130106B,1971,0.198,31-Mar-03
870,282,130106B,1972,0.242,31-Mar-03
871,282,130106B,1973,0.126,31-Mar-03
872,282,130106B,1974,0.114,31-Mar-03
873,282,130106B,1975,0.07,31-Mar-03
874,282,130106B,1976,0.18,31-Mar-03
875,282,130106B,1977,0.146,31-Mar-03
876,282,130106B,1978,0.138,31-Mar-03
877,282,130106B,1979,0.13,31-Mar-03
878,282,130106B,1980,0.072,31-Mar-03
879,282,130106B,1981,0.07,31-Mar-03
880,282,130106B,1982,0.082,31-Mar-03
881,282,130106B,1983,0.092,31-Mar-03
882,282,130106B,1984,0.056,31-Mar-03
883,282,130106B,1985,0.066,31-Mar-03
884,282,130106B,1986,0.056,31-Mar-03
885,282,130106B,1987,0.066,31-Mar-03
886,282,130106B,1988,0.082,31-Mar-03
887,282,130106B,1989,0.164,31-Mar-03
888,282,130106B,1990,0.122,31-Mar-03
889,282,130106B,1991,0.068,31-Mar-03
890,282,130106B,1992,0.052,31-Mar-03
891,282,130106B,1993,0.03,31-Mar-03
892,282,130106B,1994,0.054,31-Mar-03
893,282,130106B,1995,0.064,31-Mar-03
894,282,130106B,1996,0.04,31-Mar-03
895,282,130106B,1997,0.088,31-Mar-03
896,282,130106B,1998,0.048,31-Mar-03
897,282,130106B,1999,0.05,31-Mar-03
898,282,130106B,2000,0.03,31-Mar-03
899,282,130106B,2001,0.04,31-Mar-03
900,282,130106B,2002,0.038,31-Mar-03
901,284,130108A,1944,0.11,31-Mar-03
902,284,130108A,1945,0.132,31-Mar-03
903,284,130108A,1946,0.128,31-Mar-03
904,284,130108A,1947,0.188,31-Mar-03
905,284,130108A,1948,0.064,31-Mar-03
906,284,130108A,1949,0.088,31-Mar-03
907,284,130108A,1950,0.044,31-Mar-03
908,284,130108A,1951,0.044,31-Mar-03
909,284,130108A,1952,0.054,31-Mar-03
910,284,130108A,1953,0.084,31-Mar-03
911,284,130108A,1954,0.034,31-Mar-03
912,284,130108A,1955,0.056,31-Mar-03
913,284,130108A,1956,0.062,31-Mar-03
914,284,130108A,1957,0.06,31-Mar-03
915,284,130108A,1958,0.04,31-Mar-03
916,284,130108A,1959,0.038,31-Mar-03
917,284,130108A,1960,0.066,31-Mar-03
918,284,130108A,1961,0.1,31-Mar-03
919,284,130108A,1962,0.032,31-Mar-03
920,284,130108A,1963,0.058,31-Mar-03
921,284,130108A,1964,0.05,31-Mar-03
922,284,130108A,1965,0.04,31-Mar-03
923,284,130108A,1966,0.026,31-Mar-03
924,284,130108A,1967,0.08,31-Mar-03
925,284,130108A,1968,0.078,31-Mar-03
926,284,130108A,1969,0.074,31-Mar-03
927,284,130108A,1970,0.046,31-Mar-03
928,284,130108A,1971,0.058,31-Mar-03
929,284,130108A,1972,0.292,31-Mar-03
930,284,130108A,1973,0.368,31-Mar-03
931,284,130108A,1974,0.492,31-Mar-03
932,284,130108A,1975,0.504,31-Mar-03
933,284,130108A,1976,0.488,31-Mar-03
934,284,130108A,1977,0.376,31-Mar-03
935,284,130108A,1978,0.352,31-Mar-03
936,284,130108A,1979,0.44,31-Mar-03
937,284,130108A,1980,0.418,31-Mar-03
938,284,130108A,1981,0.424,31-Mar-03
939,284,130108A,1982,0.478,31-Mar-03
940,284,130108A,1983,0.308,31-Mar-03
941,284,130108A,1984,0.218,31-Mar-03
942,284,130108A,1985,0.176,31-Mar-03
943,284,130108A,1986,0.204,31-Mar-03
944,284,130108A,1987,0.204,31-Mar-03
945,284,130108A,1988,0.196,31-Mar-03
946,284,130108A,1989,0.186,31-Mar-03
947,284,130108A,1990,0.242,31-Mar-03
948,284,130108A,1991,0.182,31-Mar-03
949,284,130108A,1992,0.05,31-Mar-03
950,284,130108A,1993,0.042,31-Mar-03
951,284,130108A,1994,0.04,31-Mar-03
952,284,130108A,1995,0.028,31-Mar-03
953,284,130108A,1996,0.036,31-Mar-03
954,284,130108A,1997,0.042,31-Mar-03
955,284,130108A,1998,0.054,31-Mar-03
956,284,130108A,1999,0.048,31-Mar-03
957,284,130108A,2000,0.08,31-Mar-03
958,284,130108A,2001,0.132,31-Mar-03
959,284,130108A,2002,0.128,31-Mar-03
960,284,130108B,1958,0.062,31-Mar-03
961,284,130108B,1959,0.124,31-Mar-03
962,284,130108B,1960,0.098,31-Mar-03
963,284,130108B,1961,0.1,31-Mar-03
964,284,130108B,1962,0.136,31-Mar-03
965,284,130108B,1963,0.084,31-Mar-03
966,284,130108B,1964,0.106,31-Mar-03
967,284,130108B,1965,0.062,31-Mar-03
968,284,130108B,1966,0.23,31-Mar-03
969,284,130108B,1967,0.302,31-Mar-03
970,284,130108B,1968,0.428,31-Mar-03
971,284,130108B,1969,0.366,31-Mar-03
972,284,130108B,1970,0.352,31-Mar-03
973,284,130108B,1971,0.296,31-Mar-03
974,284,130108B,1972,0.396,31-Mar-03
975,284,130108B,1973,0.398,31-Mar-03
976,284,130108B,1974,0.328,31-Mar-03
977,284,130108B,1975,0.342,31-Mar-03
978,284,130108B,1976,0.428,31-Mar-03
979,284,130108B,1977,0.384,31-Mar-03
980,284,130108B,1978,0.28,31-Mar-03
981,284,130108B,1979,0.238,31-Mar-03
982,284,130108B,1980,0.228,31-Mar-03
983,284,130108B,1981,0.218,31-Mar-03
984,284,130108B,1982,0.132,31-Mar-03
985,284,130108B,1983,0.174,31-Mar-03
986,284,130108B,1984,0.13,31-Mar-03
987,284,130108B,1985,0.052,31-Mar-03
988,284,130108B,1986,0.046,31-Mar-03
989,284,130108B,1987,0.056,31-Mar-03
990,284,130108B,1988,0.026,31-Mar-03
991,284,130108B,1989,0.048,31-Mar-03
992,284,130108B,1990,0.062,31-Mar-03
993,284,130108B,1991,0.062,31-Mar-03
994,284,130108B,1992,0.056,31-Mar-03
995,284,130108B,1993,0.056,31-Mar-03
996,284,130108B,1994,0.05,31-Mar-03
997,284,130108B,1995,0.066,31-Mar-03
998,284,130108B,1996,0.036,31-Mar-03
999,284,130108B,1997,0.03,31-Mar-03
1000,284,130108B,1998,0.028,31-Mar-03
1001,284,130108B,1999,0.032,31-Mar-03
1002,284,130108B,2000,0.014,31-Mar-03
1003,284,130108B,2001,0.014,31-Mar-03
1004,284,130108B,2002,0.016,31-Mar-03
1005,285,130109A,1970,0.086,31-Mar-03
1006,285,130109A,1971,0.034,31-Mar-03
1007,285,130109A,1972,0.036,31-Mar-03
1008,285,130109A,1973,0.02,31-Mar-03
1009,285,130109A,1974,0.016,31-Mar-03
1010,285,130109A,1975,0.022,31-Mar-03
1011,285,130109A,1976,0.008,31-Mar-03
1012,285,130109A,1977,0.038,31-Mar-03
1013,285,130109A,1978,0.024,31-Mar-03
1014,285,130109A,1979,0.058,31-Mar-03
1015,285,130109A,1980,0.036,31-Mar-03
1016,285,130109A,1981,0.298,31-Mar-03
1017,285,130109A,1982,0.302,31-Mar-03
1018,285,130109A,1983,0.25,31-Mar-03
1019,285,130109A,1984,0.288,31-Mar-03
1020,285,130109A,1985,0.33,31-Mar-03
1021,285,130109A,1986,0.17,31-Mar-03
1022,285,130109A,1987,0.242,31-Mar-03
1023,285,130109A,1988,0.194,31-Mar-03
1024,285,130109A,1989,0.18,31-Mar-03
1025,285,130109A,1990,0.104,31-Mar-03
1026,285,130109A,1991,0.084,31-Mar-03
1027,285,130109A,1992,0.036,31-Mar-03
1028,285,130109A,1993,0.02,31-Mar-03
1029,285,130109A,1994,0.024,31-Mar-03
1030,285,130109A,1995,0.106,31-Mar-03
1031,285,130109A,1996,0.084,31-Mar-03
1032,285,130109A,1997,0.084,31-Mar-03
1033,285,130109A,1998,0.03,31-Mar-03
1034,285,130109A,1999,0.048,31-Mar-03
1035,285,130109A,2000,0.04,31-Mar-03
1036,285,130109A,2001,0.068,31-Mar-03
1037,285,130109A,2002,0.068,31-Mar-03
1038,285,130109B,1979,0.218,31-Mar-03
1039,285,130109B,1980,0.362,31-Mar-03
1040,285,130109B,1981,0.38,31-Mar-03
1041,285,130109B,1982,0.262,31-Mar-03
1042,285,130109B,1983,0.228,31-Mar-03
1043,285,130109B,1984,0.186,31-Mar-03
1044,285,130109B,1985,0.25,31-Mar-03
1045,285,130109B,1986,0.262,31-Mar-03
1046,285,130109B,1987,0.206,31-Mar-03
1047,285,130109B,1988,0.146,31-Mar-03
1048,285,130109B,1989,0.114,31-Mar-03
1049,285,130109B,1990,0.066,31-Mar-03
1050,285,130109B,1991,0.052,31-Mar-03
1051,285,130109B,1992,0.038,31-Mar-03
1052,285,130109B,1993,0.052,31-Mar-03
1053,285,130109B,1994,0.126,31-Mar-03
1054,285,130109B,1995,0.04,31-Mar-03
1055,285,130109B,1996,0.03,31-Mar-03
1056,285,130109B,1997,0.038,31-Mar-03
1057,285,130109B,1998,0.13,31-Mar-03
1058,285,130109B,1999,0.092,31-Mar-03
1059,285,130109B,2000,0.152,31-Mar-03
1060,285,130109B,2001,0.144,31-Mar-03
1061,285,130109B,2002,0.052,31-Mar-03
1062,286,130110A,1945,0.084,31-Mar-03
1063,286,130110A,1946,0.04,31-Mar-03
1064,286,130110A,1947,0.038,31-Mar-03
1065,286,130110A,1948,0.078,31-Mar-03
1066,286,130110A,1949,0.052,31-Mar-03
1067,286,130110A,1950,0.044,31-Mar-03
1068,286,130110A,1951,0.092,31-Mar-03
1069,286,130110A,1952,0.028,31-Mar-03
1070,286,130110A,1953,0.044,31-Mar-03
1071,286,130110A,1954,0.106,31-Mar-03
1072,286,130110A,1955,0.034,31-Mar-03
1073,286,130110A,1956,0.038,31-Mar-03
1074,286,130110A,1957,0.036,31-Mar-03
1075,286,130110A,1958,0.046,31-Mar-03
1076,286,130110A,1959,0.044,31-Mar-03
1077,286,130110A,1960,0.074,31-Mar-03
1078,286,130110A,1961,0.112,31-Mar-03
1079,286,130110A,1962,0.15,31-Mar-03
1080,286,130110A,1963,0.068,31-Mar-03
1081,286,130110A,1964,0.12,31-Mar-03
1082,286,130110A,1965,0.246,31-Mar-03
1083,286,130110A,1966,0.486,31-Mar-03
1084,286,130110A,1967,0.522,31-Mar-03
1085,286,130110A,1968,0.136,31-Mar-03
1086,286,130110A,1969,0.362,31-Mar-03
1087,286,130110A,1970,0.236,31-Mar-03
1088,286,130110A,1971,0.206,31-Mar-03
1089,286,130110A,1972,0.37,31-Mar-03
1090,286,130110A,1973,0.19,31-Mar-03
1091,286,130110A,1974,0.272,31-Mar-03
1092,286,130110A,1975,0.224,31-Mar-03
1093,286,130110A,1976,0.248,31-Mar-03
1094,286,130110A,1977,0.38,31-Mar-03
1095,286,130110A,1978,0.442,31-Mar-03
1096,286,130110A,1979,0.508,31-Mar-03
1097,286,130110A,1980,0.468,31-Mar-03
1098,286,130110A,1981,0.416,31-Mar-03
1099,286,130110A,1982,0.404,31-Mar-03
1100,286,130110A,1983,0.344,31-Mar-03
1101,286,130110A,1984,0.44,31-Mar-03
1102,286,130110A,1985,0.366,31-Mar-03
1103,286,130110A,1986,0.396,31-Mar-03
1104,286,130110A,1987,0.362,31-Mar-03
1105,286,130110A,1988,0.304,31-Mar-03
1106,286,130110A,1989,0.062,31-Mar-03
1107,286,130110A,1990,0.158,31-Mar-03
1108,286,130110A,1991,0.14,31-Mar-03
1109,286,130110A,1992,0.126,31-Mar-03
1110,286,130110A,1993,0.11,31-Mar-03
1111,286,130110A,1994,0.128,31-Mar-03
1112,286,130110A,1995,0.022,31-Mar-03
1113,286,130110A,1996,0.064,31-Mar-03
1114,286,130110A,1997,0.068,31-Mar-03
1115,286,130110A,1998,0.02,31-Mar-03
1116,286,130110A,1999,0.048,31-Mar-03
1117,286,130110A,2000,0.082,31-Mar-03
1118,286,130110A,2001,0.06,31-Mar-03
1119,286,130110A,2002,0.076,31-Mar-03
1120,286,130110B,1943,0.058,31-Mar-03
1121,286,130110B,1944,0.108,31-Mar-03
1122,286,130110B,1945,0.062,31-Mar-03
1123,286,130110B,1946,0.082,31-Mar-03
1124,286,130110B,1947,0.102,31-Mar-03
1125,286,130110B,1948,0.136,31-Mar-03
1126,286,130110B,1949,0.054,31-Mar-03
1127,286,130110B,1950,0.102,31-Mar-03
1128,286,130110B,1951,0.09,31-Mar-03
1129,286,130110B,1952,0.03,31-Mar-03
1130,286,130110B,1953,0.036,31-Mar-03
1131,286,130110B,1954,0.088,31-Mar-03
1132,286,130110B,1955,0.096,31-Mar-03
1133,286,130110B,1956,0.058,31-Mar-03
1134,286,130110B,1957,0.042,31-Mar-03
1135,286,130110B,1958,0.086,31-Mar-03
1136,286,130110B,1959,0.046,31-Mar-03
1137,286,130110B,1960,0.018,31-Mar-03
1138,286,130110B,1961,0.016,31-Mar-03
1139,286,130110B,1962,0.026,31-Mar-03
1140,286,130110B,1963,0.024,31-Mar-03
1141,286,130110B,1964,0.074,31-Mar-03
1142,286,130110B,1965,0.058,31-Mar-03
1143,286,130110B,1966,0.05,31-Mar-03
1144,286,130110B,1967,0.17,31-Mar-03
1145,286,130110B,1968,0.374,31-Mar-03
1146,286,130110B,1969,0.344,31-Mar-03
1147,286,130110B,1970,0.346,31-Mar-03
1148,286,130110B,1971,0.312,31-Mar-03
1149,286,130110B,1972,0.206,31-Mar-03
1150,286,130110B,1973,0.22,31-Mar-03
1151,286,130110B,1974,0.27,31-Mar-03
1152,286,130110B,1975,0.258,31-Mar-03
1153,286,130110B,1976,0.256,31-Mar-03
1154,286,130110B,1977,0.372,31-Mar-03
1155,286,130110B,1978,0.302,31-Mar-03
1156,286,130110B,1979,0.276,31-Mar-03
1157,286,130110B,1980,0.294,31-Mar-03
1158,286,130110B,1981,0.348,31-Mar-03
1159,286,130110B,1982,0.312,31-Mar-03
1160,286,130110B,1983,0.34,31-Mar-03
1161,286,130110B,1984,0.408,31-Mar-03
1162,286,130110B,1985,0.386,31-Mar-03
1163,286,130110B,1986,0.302,31-Mar-03
1164,286,130110B,1987,0.1,31-Mar-03
1165,286,130110B,1988,0.088,31-Mar-03
1166,286,130110B,1989,0.046,31-Mar-03
1167,286,130110B,1990,0.082,31-Mar-03
1168,286,130110B,1991,0.036,31-Mar-03
1169,286,130110B,1992,0.036,31-Mar-03
1170,286,130110B,1993,0.028,31-Mar-03
1171,286,130110B,1994,0.068,31-Mar-03
1172,286,130110B,1995,0.04,31-Mar-03
1173,286,130110B,1996,0.038,31-Mar-03
1174,286,130110B,1997,0.032,31-Mar-03
1175,286,130110B,1998,0.04,31-Mar-03
1176,286,130110B,1999,0.04,31-Mar-03
1177,286,130110B,2000,0.046,31-Mar-03
1178,286,130110B,2001,0.04,31-Mar-03
1179,286,130110B,2002,0.032,31-Mar-03
